site,tide.height,mussels,snails,barnacles
A,low,10,2,15
A,low,9,2,4
A,low,11,5,5
A,low,7,3,0
A,low,12,1,11
A,high,6,1,55
A,high,3,2,39
A,high,2,4,13
A,high,5,5,44
A,high,7,3,35
B,low,9,6,1
B,low,15,10,10
B,low,16,12,13
B,low,12,10,26
B,low,12,9,12
B,high,1,2,55
B,high,2,6,42
B,high,5,5,32
B,high,4,6,40
B,high,3,1,34
C,low,20,15,6
C,low,18,12,10
C,low,15,16,31
C,low,10,9,11
C,low,9,10,19
C,high,10,5,34
C,high,15,4,26
C,high,16,6,35
C,high,12,8,22
C,high,14,1,37
